ID,Check,State,Time
1,1,Start,13:55:06
2,1,Success,13:55:15
3,2,Start,15:42:21
4,2,Success,15:42:33
5,3,Start,14:35:05
6,3,Success,14:35:27
7,4,Start,13:11:07
8,4,Success,13:11:25
9,6,Start,17:51:06
10,6,Success,17:51:15
11,9,Start,13:52:48
12,9,Success,13:52:59
13,10,Start,20:13:48
14,10,Success,20:14:00
15,12,Start,20:22:15
16,12,Success,20:22:34
17,13,Start,16:40:25
18,13,Success,16:40:38
19,14,Start,18:51:22
20,14,Success,18:51:33
21,15,Start,11:38:04
22,15,Success,11:38:21
23,16,Start,13:43:32
24,16,Success,13:43:45
25,17,Start,12:44:17
26,17,Success,12:44:34
27,18,Start,16:46:13
28,18,Success,16:46:37
29,19,Start,15:55:46
30,19,Success,15:55:58
31,21,Start,13:42:51
32,21,Success,13:43:13
33,23,Start,13:39:26
34,23,Success,13:39:41
35,24,Start,16:42:18
36,24,Success,16:42:37
37,25,Start,17:59:00
38,25,Success,17:58:13
39,26,Start,18:43:35
40,26,Success,18:43:47
41,27,Start,14:27:16
42,27,Failure,14:27:38
43,28,Start,15:57:15
44,28,Success,15:57:34
45,29,Start,11:44:12
46,29,Success,11:44:47
47,30,Start,16:42:46
48,30,Success,16:42:59
49,31,Start,13:14:04
50,31,Failure,13:14:23
51,32,Start,18:55:37
52,32,Success,18:55:56
53,33,Start,15:43:08
54,33,Success,15:43:26
